{"cameraMode":{"drawMode":0,"name":"Shaded","section":"Shading Mode"},"sceneLighting":false,"audioPlay":false,"sceneViewState":{"showFog":true,"showMaterialUpdate":false,"showSkybox":false,"showFlares":true,"showImageEffects":true,"showParticleSystems":true},"in2DMode":false,"pivot":{"x":-7.658059120178223,"y":-48.317596435546878,"z":-1.1081236600875855},"rotation":{"x":-0.13604623079299928,"y":0.85071861743927,"z":-0.2681555151939392,"w":-0.4312603771686554},"size":3.9516217708587648,"orthographic":false}