{"cameraMode":{"drawMode":0,"name":"Shaded","section":"Shading Mode"},"sceneLighting":false,"audioPlay":false,"sceneViewState":{"showFog":true,"showMaterialUpdate":false,"showSkybox":false,"showFlares":true,"showImageEffects":true,"showParticleSystems":true},"in2DMode":false,"pivot":{"x":6.889509677886963,"y":-51.960445404052737,"z":-18.190391540527345},"rotation":{"x":0.3075666129589081,"y":0.5647473335266113,"z":-0.23870283365249635,"w":0.7276673316955566},"size":0.7898633480072022,"orthographic":true}